CP #,RANK,SIGNATURE,CP COORDINATES_X,CP COORDINATES_Y,CP COORDINATES_Z,Rho,|GRAD(Rho)|,GRAD(Rho)x,GRAD(Rho)y,GRAD(Rho)z,Laplacian,(-1/4)Del**2(Rho)),Diamond,Metallicity,Ellipticity,Theta,Phi,EIGENVALUES OF HESSIAN MATRIX_X,EIGENVALUES OF HESSIAN MATRIX_Y,EIGENVALUES OF HESSIAN MATRIX_Z,EIGENVECTORS (ORTHONORMAL) OF HESSIAN MATRIX (COLUMNS)_EV1_X,EIGENVECTORS (ORTHONORMAL) OF HESSIAN MATRIX (COLUMNS)_EV1_Y,EIGENVECTORS (ORTHONORMAL) OF HESSIAN MATRIX (COLUMNS)_EV1_Z,EIGENVECTORS (ORTHONORMAL) OF HESSIAN MATRIX (COLUMNS)_EV2_X,EIGENVECTORS (ORTHONORMAL) OF HESSIAN MATRIX (COLUMNS)_EV2_Y,EIGENVECTORS (ORTHONORMAL) OF HESSIAN MATRIX (COLUMNS)_EV2_Z,EIGENVECTORS (ORTHONORMAL) OF HESSIAN MATRIX (COLUMNS)_EV3_X,EIGENVECTORS (ORTHONORMAL) OF HESSIAN MATRIX (COLUMNS)_EV3_Y,EIGENVECTORS (ORTHONORMAL) OF HESSIAN MATRIX (COLUMNS)_EV3_Z,EIGENVALUES OF HESSIAN MATRIX_X,EIGENVALUES OF HESSIAN MATRIX_Y,EIGENVALUES OF HESSIAN MATRIX_Z,EIGENVECTORS (ORTHONORMAL) OF HESSIAN MATRIX (COLUMNS)_EV1_X,EIGENVECTORS (ORTHONORMAL) OF HESSIAN MATRIX (COLUMNS)_EV1_Y,EIGENVECTORS (ORTHONORMAL) OF HESSIAN MATRIX (COLUMNS)_EV1_Z,EIGENVECTORS (ORTHONORMAL) OF HESSIAN MATRIX (COLUMNS)_EV2_X,EIGENVECTORS (ORTHONORMAL) OF HESSIAN MATRIX (COLUMNS)_EV2_Y,EIGENVECTORS (ORTHONORMAL) OF HESSIAN MATRIX (COLUMNS)_EV2_Z,EIGENVECTORS (ORTHONORMAL) OF HESSIAN MATRIX (COLUMNS)_EV3_X,EIGENVECTORS (ORTHONORMAL) OF HESSIAN MATRIX (COLUMNS)_EV3_Y,EIGENVECTORS (ORTHONORMAL) OF HESSIAN MATRIX (COLUMNS)_EV3_Z,HESSIAN MATRIX_XX,HESSIAN MATRIX_XY,HESSIAN MATRIX_XZ,HESSIAN MATRIX_YX,HESSIAN MATRIX_YY,HESSIAN MATRIX_YZ,HESSIAN MATRIX_ZX,HESSIAN MATRIX_ZY,HESSIAN MATRIX_ZZ
1,3,-3,0.098924,0.068183,0.159461,12918.38,,,,,,,,,,,,,,,,,,,,,,,,,,,,,,,,,,,,,,,,,,,,
2,3,-3,0.098666,-1.941998,0.082244,206.0748,,,,,,,,,,,,,,,,,,,,,,,,,,,,,,,,,,,,,,,,,,,,
3,3,-3,2.11724,0.048438,-0.04525,206.0857,,,,,,,,,,,,,,,,,,,,,,,,,,,,,,,,,,,,,,,,,,,,
4,3,-3,0.1272,2.066207,-0.104129,206.0687,,,,,,,,,,,,,,,,,,,,,,,,,,,,,,,,,,,,,,,,,,,,
5,3,-3,-1.905607,0.097249,0.076448,206.0802,,,,,,,,,,,,,,,,,,,,,,,,,,,,,,,,,,,,,,,,,,,,
6,3,-3,1.188968,-2.776606,0.151105,127.0141,,,,,,,,,,,,,,,,,,,,,,,,,,,,,,,,,,,,,,,,,,,,
7,3,-3,-1.01021,-2.75847,0.076273,127.0178,,,,,,,,,,,,,,,,,,,,,,,,,,,,,,,,,,,,,,,,,,,,
8,3,-3,1.226312,2.876449,-0.302842,127.0156,,,,,,,,,,,,,,,,,,,,,,,,,,,,,,,,,,,,,,,,,,,,
9,3,-3,-0.954885,2.918696,-0.022128,127.016,,,,,,,,,,,,,,,,,,,,,,,,,,,,,,,,,,,,,,,,,,,,
10,3,-3,2.943378,-1.05078,0.037313,127.0186,,,,,,,,,,,,,,,,,,,,,,,,,,,,,,,,,,,,,,,,,,,,
11,3,-3,2.95196,1.124535,-0.254505,127.0179,,,,,,,,,,,,,,,,,,,,,,,,,,,,,,,,,,,,,,,,,,,,
12,3,-3,-2.740932,-0.995916,0.077083,127.0151,,,,,,,,,,,,,,,,,,,,,,,,,,,,,,,,,,,,,,,,,,,,
13,3,-3,-2.71837,1.203437,0.135374,127.0147,,,,,,,,,,,,,,,,,,,,,,,,,,,,,,,,,,,,,,,,,,,,
14,3,-3,0.758563,-4.153781,0.196407,127.0138,,,,,,,,,,,,,,,,,,,,,,,,,,,,,,,,,,,,,,,,,,,,
15,3,-3,-0.605518,-4.142946,0.141805,127.0119,,,,,,,,,,,,,,,,,,,,,,,,,,,,,,,,,,,,,,,,,,,,
16,3,-3,0.827435,4.261898,-0.342652,127.0085,,,,,,,,,,,,,,,,,,,,,,,,,,,,,,,,,,,,,,,,,,,,
17,3,-3,-0.524315,4.289238,-0.153273,127.0132,,,,,,,,,,,,,,,,,,,,,,,,,,,,,,,,,,,,,,,,,,,,
18,3,-3,4.327052,-0.652645,-0.083595,127.0142,,,,,,,,,,,,,,,,,,,,,,,,,,,,,,,,,,,,,,,,,,,,
19,3,-3,4.331596,0.696884,-0.277858,127.009,,,,,,,,,,,,,,,,,,,,,,,,,,,,,,,,,,,,,,,,,,,,
20,3,-3,-4.118293,-0.564674,0.13844,127.0116,,,,,,,,,,,,,,,,,,,,,,,,,,,,,,,,,,,,,,,,,,,,
21,3,-3,-4.104586,0.799269,0.184268,127.012,,,,,,,,,,,,,,,,,,,,,,,,,,,,,,,,,,,,,,,,,,,,
22,3,-3,2.518458,-2.366846,0.152545,127.0091,,,,,,,,,,,,,,,,,,,,,,,,,,,,,,,,,,,,,,,,,,,,
23,3,-3,-2.330847,-2.324097,0.064877,127.0062,,,,,,,,,,,,,,,,,,,,,,,,,,,,,,,,,,,,,,,,,,,,
24,3,-3,-2.279279,2.523776,0.11412,127.0072,,,,,,,,,,,,,,,,,,,,,,,,,,,,,,,,,,,,,,,,,,,,
25,3,-3,2.542684,2.442735,-0.397157,127.0044,,,,,,,,,,,,,,,,,,,,,,,,,,,,,,,,,,,,,,,,,,,,
26,3,-3,-0.495536,-0.868608,4.757398,127.0215,,,,,,,,,,,,,,,,,,,,,,,,,,,,,,,,,,,,,,,,,,,,
27,3,-3,0.33479,-0.087996,5.74327,126.8821,,,,,,,,,,,,,,,,,,,,,,,,,,,,,,,,,,,,,,,,,,,,
28,3,-3,-1.870212,-1.240544,5.268721,126.8784,,,,,,,,,,,,,,,,,,,,,,,,,,,,,,,,,,,,,,,,,,,,
29,3,-3,-0.841394,1.218004,-3.055769,126.9049,,,,,,,,,,,,,,,,,,,,,,,,,,,,,,,,,,,,,,,,,,,,
30,3,-3,1.427717,-5.006682,0.290747,0.4917253,,,,,,,,,,,,,,,,,,,,,,,,,,,,,,,,,,,,,,,,,,,,
31,3,-3,-1.291005,-4.986644,0.186441,0.49207,,,,,,,,,,,,,,,,,,,,,,,,,,,,,,,,,,,,,,,,,,,,
32,3,-3,1.514872,5.099624,-0.446958,0.4922157,,,,,,,,,,,,,,,,,,,,,,,,,,,,,,,,,,,,,,,,,,,,
33,3,-3,-1.180146,5.15385,-0.074484,0.4920336,,,,,,,,,,,,,,,,,,,,,,,,,,,,,,,,,,,,,,,,,,,,
34,3,-3,5.174912,-1.329605,-0.000323,0.4920022,,,,,,,,,,,,,,,,,,,,,,,,,,,,,,,,,,,,,,,,,,,,
35,3,-3,5.185095,1.364703,-0.382249,0.4921675,,,,,,,,,,,,,,,,,,,,,,,,,,,,,,,,,,,,,,,,,,,,
36,3,-3,-4.973627,-1.235219,0.185363,0.4922121,,,,,,,,,,,,,,,,,,,,,,,,,,,,,,,,,,,,,,,,,,,,
37,3,-3,-4.944606,1.484794,0.274009,0.491805,,,,,,,,,,,,,,,,,,,,,,,,,,,,,,,,,,,,,,,,,,,,
38,3,-3,3.285521,-3.139437,0.222214,0.4951071,,,,,,,,,,,,,,,,,,,,,,,,,,,,,,,,,,,,,,,,,,,,
39,3,-3,-3.108907,-3.088628,0.090967,0.4954286,,,,,,,,,,,,,,,,,,,,,,,,,,,,,,,,,,,,,,,,,,,,
40,3,-3,-3.032701,3.309225,0.187192,0.4950634,,,,,,,,,,,,,,,,,,,,,,,,,,,,,,,,,,,,,,,,,,,,
41,3,-3,3.315225,3.200704,-0.539921,0.4956857,,,,,,,,,,,,,,,,,,,,,,,,,,,,,,,,,,,,,,,,,,,,
42,3,-3,1.332992,0.173267,5.374334,0.4951216,,,,,,,,,,,,,,,,,,,,,,,,,,,,,,,,,,,,,,,,,,,,
43,3,-3,-0.174787,0.807314,6.127277,0.491884,,,,,,,,,,,,,,,,,,,,,,,,,,,,,,,,,,,,,,,,,,,,
44,3,-3,0.037413,-1.729555,4.32952,0.4949192,,,,,,,,,,,,,,,,,,,,,,,,,,,,,,,,,,,,,,,,,,,,
45,3,-3,-1.727421,-1.923425,6.139836,0.4752757,,,,,,,,,,,,,,,,,,,,,,,,,,,,,,,,,,,,,,,,,,,,
46,3,-3,-2.493657,-1.793545,4.554199,0.4958238,,,,,,,,,,,,,,,,,,,,,,,,,,,,,,,,,,,,,,,,,,,,
47,3,-3,-2.43224,-0.390671,5.681596,0.4925828,,,,,,,,,,,,,,,,,,,,,,,,,,,,,,,,,,,,,,,,,,,,
48,3,-3,-0.411405,-0.236087,3.314544,0.3050524,,,,,,,,,,,,,,,,,,,,,,,,,,,,,,,,,,,,,,,,,,,,
49,3,-3,0.492101,-0.72593,6.646015,0.4734328,,,,,,,,,,,,,,,,,,,,,,,,,,,,,,,,,,,,,,,,,,,,
50,3,-3,-0.952166,1.027203,-4.13817,0.4965308,,,,,,,,,,,,,,,,,,,,,,,,,,,,,,,,,,,,,,,,,,,,
51,3,-3,-1.842359,1.397829,-2.637051,0.4972849,,,,,,,,,,,,,,,,,,,,,,,,,,,,,,,,,,,,,,,,,,,,
52,3,-3,-0.228544,2.119384,-2.913029,0.4992263,,,,,,,,,,,,,,,,,,,,,,,,,,,,,,,,,,,,,,,,,,,,
53,3,-3,0.072413,0.08289,1.945972,314.5977,,,,,,,,,,,,,,,,,,,,,,,,,,,,,,,,,,,,,,,,,,,,
54,3,-3,-0.060426,-0.256127,-2.301657,2753.874,,,,,,,,,,,,,,,,,,,,,,,,,,,,,,,,,,,,,,,,,,,,
55,3,-1,-3.443018,-0.787772,0.107019,0.2779736,2.480811e-12,2.463414e-12,-2.870936e-13,-5.99471e-14,-0.6618596,0.1654649,0.7250784,-12.32688,0.1461645,0.8724909685005441,0.8387280682419576,-0.5667139,-0.4944438,0.3992981,-0.2912276,-0.9566538,-0.0001536625,0.04057863,-0.01251356,0.999098,-0.9557928,0.2909587,0.04246399,-0.5667139,-0.4944438,0.3992981,-0.2912276,-0.9566538,-0.0001536625,0.04057863,-0.01251356,0.999098,-0.9557928,0.2909587,0.04246399,0.3158956,-0.268681,-0.03627734,-0.268681,-0.484923,0.0110318,-0.03627734,0.0110318,-0.4928322
56,3,-1,-4.127204,0.11732,0.163467,0.3189216,3.046735e-13,2.861666e-13,-2.139799e-14,-1.02356e-13,-0.8344676,0.2086169,0.8948817,-12.29354,0.2528565,0.9264268929794467,0.8715489242971757,-0.6764285,-0.539909,0.3818698,-0.998141,0.007955998,0.06042504,0.06012002,-0.0341973,0.9976052,0.01000332,0.9993834,0.03365541,-0.6764285,-0.539909,0.3818698,-0.998141,0.007955998,0.06042504,0.06012002,-0.0341973,0.9976052,0.01000332,0.9993834,0.03365541,-0.6758291,0.01029929,0.008544192,0.01029929,0.3807249,0.03093809,0.008544192,0.03093809,-0.5393633
57,3,-1,-0.862489,0.085972,0.106717,0.0892906,4.225057e-14,2.253839e-15,2.757617e-14,-3.193095e-14,0.3466353,-0.08665882,0.3045489,3.546092,0.3710953,0.42393856401582103,0.3678761714298997,-0.1089907,-0.07949173,0.5351177,0.02830524,-0.06971597,-0.9971652,0.0125512,0.9975111,-0.06938387,-0.9995205,0.01055169,-0.02910981,-0.1089907,-0.07949173,0.5351177,0.02830524,-0.06971597,-0.9971652,0.0125512,0.9975111,-0.06938387,-0.9995205,0.01055169,-0.02910981,0.5345049,-0.00642385,0.01871519,-0.00642385,-0.07956668,-0.002239504,0.01871519,-0.002239504,-0.1083029
58,3,1,-3.119731,0.107629,0.1248,0.05285348,1.736675e-16,-1.288744e-16,1.162265e-16,6.572976e-18,0.3289494,-0.08223736,0.0744894,1.559337,-1.273166,1.1012399209460597,1.089190726526727,-0.05026097,0.1839939,0.1952164,0.03901527,-0.0281646,0.9988416,-0.9986191,0.03409455,0.03996796,-0.03518073,-0.9990217,-0.0267955,-0.05026097,0.1839939,0.1952164,0.03901527,-0.0281646,0.9988416,-0.9986191,0.03409455,0.03996796,-0.03518073,-0.9990217,-0.0267955,0.1836513,0.0006518405,-0.009118353,0.0006518405,0.1950087,0.006890472,-0.009118353,0.006890472,-0.04971051
59,3,-1,-3.425103,1.009062,0.161183,0.2778263,2.321855e-16,1.614648e-16,1.665131e-16,-1.061163e-17,-0.6612401,0.16531,0.7240953,-12.32753,0.1456731,0.8723612028552251,0.8387036605219564,-0.5661821,-0.4941917,0.3991337,0.270761,-0.961581,-0.04528258,0.04473058,-0.03442154,0.9984059,-0.9616068,-0.2723549,0.03369207,-0.5661821,-0.4941917,0.3991337,0.270761,-0.961581,-0.04528258,0.04473058,-0.03442154,0.9984059,-0.9616068,-0.2723549,0.03369207,0.3265775,0.2527038,-0.02805976,0.2527038,-0.4944924,-0.011332,-0.02805976,-0.011332,-0.4933252
60,3,-1,-2.488475,1.868064,0.126108,0.3054829,2.132847e-16,-1.68873e-17,2.125036e-16,-6.884684e-18,-0.8082701,0.2020675,0.8739399,-11.81322,0.1954029,0.9130270587612707,0.8694169922524947,-0.6519753,-0.5454021,0.3891073,0.9481766,-0.3111826,-0.0642376,0.06569082,-0.005820564,0.997823,0.3108791,0.9503323,-0.01492292,-0.6519753,-0.5454021,0.3891073,0.9481766,-0.3111826,-0.0642376,0.06569082,-0.005820564,0.997823,0.3108791,0.9503323,-0.01492292,-0.5508992,0.3075351,0.002155824,0.3075351,0.2882628,-0.01538332,0.002155824,-0.01538332,-0.5456338
61,3,-1,-2.825823,-2.810441,0.08017,0.2731308,1.781581e-16,-1.296028e-16,1.216339e-16,1.21905e-17,-0.9198103,0.2299526,1.304813,-8.613889,0.02143035,0.8692382714645075,0.8640070745886181,-0.7270827,-0.7118279,0.5191003,-0.7008406,0.7133163,0.001501972,0.018292,0.01586707,0.9997068,0.7130833,0.7006626,-0.02416827,-0.7270827,-0.7118279,0.5191003,-0.7008406,0.7133163,0.001501972,0.018292,0.01586707,0.9997068,0.7130833,0.7006626,-0.02416827,-0.09340865,0.6226358,-0.02119775,0.6226358,-0.1152926,-0.02086064,-0.02119775,-0.02086064,-0.711109
62,3,-1,-2.75923,3.023849,0.159055,0.2734493,1.127628e-10,-5.568745e-11,-9.768632e-11,8.470178e-12,-0.9231355,0.2307839,1.312528,-8.599548,0.02102455,0.8694008035257719,0.8642679982131946,-0.7292156,-0.7141998,0.5202799,0.7176535,0.6937209,-0.06103044,0.09014033,-0.005634124,0.9959131,0.6905419,-0.7202219,-0.06657559,-0.7292156,-0.7141998,0.5202799,0.7176535,0.6937209,-0.06103044,0.09014033,-0.005634124,0.9959131,0.6905419,-0.7202219,-0.06657559,-0.1332739,-0.6214359,-0.05609536,-0.6214359,-0.0810774,0.05982804,-0.05609536,0.05982804,-0.7087842
63,3,-1,-2.388376,0.753551,0.112099,0.3118492,2.628326e-16,-1.154675e-17,2.61618e-16,-2.244298e-17,-0.8140904,0.2035226,1.002526,-12.13896,0.1574659,0.887743571743741,0.851712298704467,-0.6773862,-0.5852321,0.4485279,0.7962274,0.6049876,-0.003458352,0.03004591,-0.03383303,0.9989758,0.604251,-0.7955157,-0.04511619,-0.6773862,-0.5852321,0.4485279,0.7962274,0.6049876,-0.003458352,0.03004591,-0.03383303,0.9989758,0.604251,-0.7955157,-0.04511619,-0.2662101,-0.5413106,-0.02792809,-0.5413106,0.0352487,0.03729511,-0.02792809,0.03729511,-0.583129
64,3,1,-1.904384,1.036408,-1.447319,0.005084678,2.332429e-13,1.909288e-13,-7.938599e-14,1.079181e-13,0.01985946,-0.004964866,0.0004977496,0.5216967,-3.907594,1.2008516865756675,0.5303988019031992,-0.00331357,0.001139626,0.02203341,0.7464733,0.5727875,0.3386622,0.615651,-0.7876262,-0.02487604,-0.2524906,-0.227067,0.9405791,-0.00331357,0.001139626,0.02203341,0.7464733,0.5727875,0.3386622,0.615651,-0.7876262,-0.02487604,-0.2524906,-0.227067,0.9405791,-9.784754e-06,-0.0007061673,-0.006087787,-0.0007061673,0.0007558685,-0.005326217,-0.006087787,-0.005326217,0.01911338
65,3,-1,-2.078911,1.476307,-1.467885,0.005231524,4.548538e-14,-2.632326e-14,5.408789e-15,3.66981e-14,0.01833354,-0.004583386,0.0005118729,0.5925803,3.239685,0.3651153144565073,0.18355625987379864,-0.003269233,-0.0007711027,0.02237388,-0.943767,0.04848292,-0.3270371,0.06844553,0.9964109,-0.04980391,-0.3234487,0.06938752,0.9436982,-0.003269233,-0.0007711027,0.02237388,-0.943767,0.04848292,-0.3270371,0.06844553,0.9964109,-0.04980391,-0.3234487,0.06938752,0.9436982,-0.0005747712,-0.000405144,-0.007835767,-0.000405144,-0.0006655404,0.001555163,-0.007835767,0.001555163,0.01957385
66,3,-1,-2.261916,-1.590181,4.81296,0.2676157,1.725292e-13,-1.471578e-13,-7.102652e-14,-5.53727e-14,-0.8768164,0.2192041,1.233618,-8.734213,0.01478369,0.8622143188497652,0.8585866534889866,-0.7009655,-0.6907536,0.5149028,-0.7637082,0.04285159,0.6441378,-0.2968298,0.8627543,-0.4093251,0.5732729,0.5038043,0.646173,-0.7009655,-0.6907536,0.5149028,-0.7637082,0.04285159,0.6441378,-0.2968298,0.8627543,-0.4093251,0.5732729,0.5038043,0.646173,-0.3004807,0.3485487,0.451639,0.3485487,-0.3847542,0.3922132,0.451639,0.3922132,-0.1915815
67,3,1,-1.209466,-1.222517,0.088588,0.01306054,4.93771e-13,5.557889e-14,4.905051e-13,1.120383e-14,0.07250553,-0.01812638,0.003530575,0.6884045,-1.274442,1.171885516403003,1.0882342011584136,-0.008765012,0.03193762,0.04933293,-0.006454573,-0.004865924,0.9999673,0.7112189,0.7029249,0.008011256,-0.702941,0.7112474,-0.001076343,-0.008765012,0.03193762,0.04933293,-0.006454573,-0.004865924,0.9999673,0.7112189,0.7029249,0.008011256,-0.702941,0.7112474,-0.001076343,0.0405314,-0.008698322,0.0002758709,-0.008698322,0.04073647,0.0001847325,0.0002758709,0.0001847325,-0.008762333
68,3,-1,-1.675076,-2.530553,0.069384,0.3062824,8.138303e-10,-3.172497e-10,-7.494318e-10,-4.938283e-12,-0.8123636,0.2030909,0.879852,-11.805,0.1964333,0.9137556641775044,0.8699471358757781,-0.6547096,-0.5472178,0.3895638,0.3077807,0.9513441,-0.0146768,-0.003298277,0.01649232,0.9998586,0.9514516,-0.3076888,0.008213816,-0.6547096,-0.5472178,0.3895638,0.3077807,0.9513441,-0.0146768,-0.003298277,0.01649232,0.9998586,0.9514516,-0.3076888,0.008213816,0.2906307,-0.3057179,0.00780656,-0.3057179,-0.5558165,-0.0008666523,0.00780656,-0.0008666523,-0.5471778
69,3,1,-1.190505,1.395043,0.020527,0.01336269,3.784992e-12,3.778016e-12,1.036186e-13,-2.049829e-13,0.07445016,-0.01861254,0.003749482,0.6964729,-1.280458,1.1757483162730356,1.083763252284429,-0.008951278,0.03191661,0.05148482,0.06829692,0.02247183,0.9974119,-0.6982004,0.7152005,0.0316951,-0.7126372,-0.698558,0.06453583,-0.008951278,0.03191661,0.05148482,0.06829692,0.02247183,0.9974119,-0.6982004,0.7152005,0.0316951,-0.7126372,-0.698558,0.06453583,0.04166374,0.009678696,-0.003683882,0.009678696,0.04144493,-0.001798174,-0.003683882,-0.001798174,-0.008658514
70,3,1,-1.385327,2.035567,-1.511281,0.004600134,1.127098e-15,-3.141357e-16,-9.857736e-16,4.471233e-16,0.01826142,-0.004565355,0.0003842543,0.4801343,-2.874638,1.2293583916468176,0.6308171926414154,-0.002450376,0.001307119,0.01940468,-0.1443998,0.8833791,-0.4458588,0.9893847,0.1214595,-0.0797836,0.01632538,0.4526466,0.8915405,-0.002450376,0.001307119,0.01940468,-0.1443998,0.8833791,-0.4458588,0.9893847,0.1214595,-0.0797836,0.01632538,0.4526466,0.8915405,0.001233594,0.0006130395,2.149038e-05,0.0006130395,0.002082915,0.008783256,2.149038e-05,0.008783256,0.01494491
71,3,3,-1.335072,1.442535,-1.247933,0.003821898,3.680314e-14,2.67178e-14,-4.143365e-15,-2.496923e-14,0.01793546,-0.004483865,0.0001398154,0.3589488,-0.140332,,,0.003377699,0.003929074,0.01062869,-0.06008221,0.969694,-0.2368198,0.9954643,0.07573907,0.05757134,-0.0737631,0.2322867,0.9698463,0.003377699,0.003929074,0.01062869,-0.06008221,0.969694,-0.2368198,0.9954643,0.07573907,0.05757134,-0.0737631,0.2322867,0.9698463,0.003963536,-8.266854e-05,-0.000487128,-8.266854e-05,0.003772104,0.001635924,-0.000487128,0.001635924,0.01019982
72,3,-1,-0.815564,-3.464138,0.1082,0.2783705,3.840865e-12,-3.134929e-12,2.188115e-12,-3.696192e-13,-0.6635995,0.1658999,0.7272616,-12.32383,0.1468508,0.8729002616924737,0.838992499367656,-0.5678884,-0.495172,0.399461,0.9619874,0.2730595,0.004337333,-0.01656864,0.04250357,0.9989589,0.2725908,-0.9610577,0.04541212,-0.5678884,-0.495172,0.399461,0.9619874,0.2730595,0.004337333,-0.01656864,0.04250357,0.9989589,0.2725908,-0.9610577,0.04541212,-0.4959888,-0.2534731,0.01077119,-0.2534731,0.3257178,-0.03913118,0.01077119,-0.03913118,-0.4933284
73,3,-1,-0.450371,1.790263,-2.966419,0.2673796,2.599629e-16,-2.173012e-16,-7.891637e-17,-1.188828e-16,-0.8702151,0.2175538,1.249553,-8.787531,0.007453633,0.8570695453010486,0.855231610554638,-0.7003212,-0.6951399,0.525246,0.636406,-0.5094092,0.5792147,-0.5415795,0.2396023,0.8057806,-0.5492532,-0.8264944,-0.1234013,-0.7003212,-0.6951399,0.525246,0.636406,-0.5094092,0.5792147,-0.5415795,0.2396023,0.8057806,-0.5492532,-0.8264944,-0.1234013,-0.3290735,0.5556797,0.08080606,0.5556797,0.1371527,0.1259965,0.08080606,0.1259965,-0.6782943
74,3,-1,-0.154647,-1.418644,4.480407,0.2697892,9.419282e-15,-5.126108e-15,-6.709043e-15,-4.175479e-15,-0.895417,0.2238543,1.302583,-8.66886,0.00249761,0.8588081123501498,0.858191121224723,-0.7147589,-0.7129781,0.53232,-0.873696,-0.4553553,-0.1711925,0.03838008,-0.4153299,0.9088609,-0.484956,0.7874977,0.3803486,-0.7147589,-0.7129781,0.53232,-0.873696,-0.4553553,-0.1711925,0.03838008,-0.4153299,0.9088609,-0.484956,0.7874977,0.3803486,-0.4214654,-0.4762899,-0.2299645,-0.4762899,0.05892755,0.3728574,-0.2299645,0.3728574,-0.5328792
75,3,1,1.426866,1.354768,-0.137644,0.01312388,2.778097e-16,2.764851e-16,2.565493e-17,-8.71851e-18,0.07357798,-0.0183945,0.003705385,0.6838625,-1.290546,1.1778322317472256,1.0764199181329088,-0.00890613,0.03065312,0.05183099,0.09597011,0.1204512,0.9880695,0.7129657,0.684375,-0.1526787,-0.6946004,0.7191122,-0.02019799,-0.00890613,0.03065312,0.05183099,0.09597011,0.1204512,0.9880695,0.7129657,0.684375,-0.1526787,-0.6946004,0.7191122,-0.02019799,0.04050645,-0.01103555,-0.003454095,-0.01103555,0.04103073,-0.005015709,-0.003454095,-0.005015709,-0.007959195
76,3,-1,-0.746668,3.616592,-0.086651,0.2791219,7.49523e-13,7.416641e-13,1.816029e-14,-1.067207e-13,-0.6669975,0.1667494,0.7307007,-12.31626,0.1483259,0.8738838372518736,0.8396662312857881,-0.5699744,-0.4963525,0.3993294,0.9477739,-0.299249,-0.110339,0.1323525,0.05425546,0.9897167,-0.2901853,-0.9526313,0.09102827,-0.5699744,-0.4963525,0.3993294,0.9477739,-0.299249,-0.110339,0.1323525,0.05425546,0.9897167,-0.2901853,-0.9526313,0.09102827,-0.4870621,0.2684826,-0.01596037,0.2684826,0.3098917,-0.0801012,-0.01596037,-0.0801012,-0.4898271
77,3,-1,0.076283,-4.164244,0.17102,0.3187308,4.451101e-12,-2.828739e-12,3.422445e-12,-3.120983e-13,-0.8340289,0.2085072,0.8949274,-12.28775,0.2508542,0.926014849686628,0.8715202938197064,-0.6759039,-0.5403539,0.3822289,-0.01041323,-0.9980935,0.06083463,-0.03956906,0.06120157,0.9973408,-0.9991626,0.007978366,-0.04013093,-0.6759039,-0.5403539,0.3822289,-0.01041323,-0.9980935,0.06083463,-0.03956906,0.06120157,0.9973408,-0.9991626,0.007978366,-0.04013093,0.3806697,-0.008763361,0.03707897,-0.008763361,-0.6753288,0.007935024,0.03707897,0.007935024,-0.5393697
78,3,1,0.085546,-3.156491,0.133042,0.05283569,5.432203e-10,5.255554e-10,-1.359686e-10,1.980937e-11,0.3288169,-0.08220423,0.07445062,1.55909,-1.273709,1.1014034540289215,1.088783530480369,-0.05027226,0.1836706,0.1954186,-0.03471798,0.03996501,0.9985977,0.01046049,0.9991599,-0.03962383,-0.9993424,0.009070162,-0.03510686,-0.05027226,0.1836706,0.1954186,-0.03471798,0.03996501,0.9985977,0.01046049,0.9991599,-0.03962383,-0.9993424,0.009070162,-0.03510686,0.1951211,0.0002181111,0.008522797,0.0002181111,0.1832979,-0.00934016,0.008522797,-0.00934016,-0.04960215
79,3,-1,-0.512045,2.570877,-0.055799,0.308531,5.447921e-12,-3.913613e-12,-3.761018e-12,4.67148e-13,-0.7965321,0.199133,0.9854042,-12.18731,0.1505045,0.8827614336435959,0.8481670005090256,-0.6674266,-0.5801165,0.4510109,-0.6193325,-0.7736749,0.1336201,0.1296331,0.06708629,0.98929,-0.7743529,0.630021,0.05874517,-0.6674266,-0.5801165,0.4510109,-0.6193325,-0.7736749,0.1336201,0.1296331,0.06708629,0.98929,-0.7743529,0.630021,0.05874517,0.004680908,-0.5448801,-0.0396801,-0.5448801,-0.2230961,0.04718873,-0.0396801,0.04718873,-0.5781169
80,3,1,0.140567,3.283274,-0.183076,0.05274492,3.739947e-14,-3.086514e-14,2.108876e-14,1.152324e-15,0.3276607,-0.08191518,0.07405733,1.560115,-1.276995,1.1024276578146492,1.086328293076925,-0.05027645,0.1815067,0.1964305,0.1306605,0.06075702,0.9895637,0.007881731,0.9980253,-0.06231723,-0.9913958,0.01594188,0.1299237,-0.05027645,0.1815067,0.1964305,0.1306605,0.06075702,0.9895637,0.007881731,0.9980253,-0.06231723,-0.9913958,0.01594188,0.1299237,0.1922178,-0.002075888,-0.03189112,-0.002075888,0.1806548,-0.01390457,-0.03189112,-0.01390457,-0.04521188
81,3,-1,0.103862,-0.895533,0.104616,0.08824579,3.45781e-11,-2.977759e-11,1.757639e-11,-1.048543e-13,0.3421544,-0.08553861,0.2962583,3.522743,0.3636346,0.42326903759645795,0.36819213105771026,-0.1071242,-0.07855785,0.5278365,0.02206858,-0.02178781,0.999519,0.9997349,-0.006089317,-0.02220609,-0.00657021,-0.9997441,-0.02164765,-0.1071242,-0.07855785,0.5278365,0.02206858,-0.02178781,0.999519,0.9997349,-0.006089317,-0.02220609,-0.00657021,-0.9997441,-0.02164765,-0.07854559,0.003996854,-0.0005438685,0.003996854,0.5275126,0.01374575,-0.0005438685,0.01374575,-0.1068126
82,3,-1,0.11615,1.023841,0.014405,0.08713208,4.350592e-10,1.743106e-10,3.940434e-10,-6.018437e-11,0.3424004,-0.08560009,0.2920402,3.44648,0.3593497,0.42055195678474916,0.36628234199002807,-0.1049059,-0.0771736,0.5244799,-0.02010982,0.1115617,0.993554,0.9997713,-0.004987582,0.0207957,-0.007275435,-0.993745,0.1114359,-0.1049059,-0.0771736,0.5244799,-0.02010982,0.1115617,0.993554,0.9997713,-0.004987582,0.0207957,-0.007275435,-0.993745,0.1114359,-0.07715297,0.004412128,6.630973e-05,0.004412128,0.5166316,-0.06970033,6.630973e-05,-0.06970033,-0.09707823
83,3,-1,-0.45081,-0.462248,3.841147,0.08576593,2.006758e-14,9.294648e-15,-6.930871e-15,1.637926e-14,-0.06366567,0.01591642,0.08731816,-18.05368,0.06604222,0.6846910703092641,0.6690786285296423,-0.1453963,-0.1363889,0.2181195,0.8904018,0.3949121,0.2263382,-0.4522887,0.8235298,0.3423939,-0.05118075,-0.4072384,0.9118868,-0.1453963,-0.1363889,0.2181195,0.8904018,0.3949121,0.2263382,-0.4522887,0.8235298,0.3423939,-0.05118075,-0.4072384,0.9118868,-0.1426015,0.00422165,-0.01836056,0.00422165,-0.07900088,-0.1324537,-0.01836056,-0.1324537,0.1579367
84,3,-1,-0.068561,-0.459631,5.259371,0.2444877,7.46129e-17,1.577514e-17,-4.119968e-17,6.017322e-17,-0.5229688,0.1307422,0.567491,-12.59599,0.02785863,0.8284218196274181,0.8215739974468921,-0.462323,-0.4497924,0.3891467,-0.8208184,0.1882045,0.5392924,-0.1466918,0.8430316,-0.5174738,0.5520315,0.5038618,0.6643678,-0.462323,-0.4497924,0.3891467,-0.8208184,0.1882045,0.5392924,-0.1466918,0.8430316,-0.5174738,0.5520315,0.5038618,0.6643678,-0.2025776,0.2352846,0.3132293,0.2352846,-0.2372492,0.2795627,0.3132293,0.2795627,-0.08314204
85,3,-1,0.006049,-0.061726,-0.955528,0.05386468,2.120023e-12,-2.101973e-12,1.579937e-13,-2.263739e-13,0.08390533,-0.02097633,0.03816665,6.309532,0.09416417,0.4883441026948957,0.469938460160854,-0.05150286,-0.04707051,0.1824787,-0.4466326,0.8918497,-0.07157866,-0.8933274,-0.4400515,0.09121857,0.04985495,0.1046844,0.9932551,-0.05150286,-0.04707051,0.1824787,-0.4466326,0.8918497,-0.07157866,-0.8933274,-0.4400515,0.09121857,0.04985495,0.1046844,0.9932551,-0.04738413,0.002963561,0.01122528,0.002963561,-0.0480804,0.02415108,0.01122528,0.02415108,0.1793699
86,3,-1,0.151875,4.292085,-0.247286,0.3186254,1.211658e-13,9.668643e-14,7.075785e-14,-1.806163e-14,-0.8339376,0.2084844,0.8945105,-12.28231,0.2491177,0.9258899260959447,0.87173436769432,-0.6753826,-0.5406878,0.3821328,0.01436783,0.9991359,-0.03899899,0.1395413,0.03661776,0.989539,0.990112,-0.01965949,-0.1388946,-0.6753826,-0.5406878,0.3821328,0.01436783,0.9991359,-0.03899899,0.1395413,0.03661776,0.989539,0.990112,-0.01965949,-0.1388946,0.3639456,-0.0198964,-0.1268319,-0.0198964,-0.6747933,0.007768277,-0.1268319,0.007768277,-0.5230898
87,3,-1,1.063471,0.061464,0.043814,0.08452312,3.916716e-13,-3.878365e-13,1.031e-14,5.369593e-14,0.3313544,-0.08283859,0.2709977,3.385423,0.3582059,0.419027102029166,0.3650547104478278,-0.1002768,-0.07383033,0.5054615,-0.08222593,-0.02225491,-0.9963652,0.01303115,0.9996412,-0.02340349,-0.9965285,0.01490816,0.08190641,-0.1002768,-0.07383033,0.5054615,-0.08222593,-0.02225491,-0.9963652,0.01303115,0.9996412,-0.02340349,-0.9965285,0.01490816,0.08190641,0.5012676,-0.008654591,-0.04944968,-0.008654591,-0.07371468,0.000120934,-0.04944968,0.000120934,-0.09619861
88,3,-1,0.968744,0.076386,5.50485,0.2699038,5.072019e-16,-3.534499e-16,-1.103718e-16,-3.466194e-16,-0.8957296,0.2239324,1.27511,-8.671974,0.01339166,0.8635300551523978,0.8602431880056962,-0.7130893,-0.703666,0.5210257,0.1674556,0.5180146,0.8388203,0.3744238,-0.8205011,0.4319545,-0.9120117,-0.2417411,0.3313545,-0.7130893,-0.703666,0.5210257,0.1674556,0.5180146,0.8388203,0.3744238,-0.8205011,0.4319545,-0.9120117,-0.2417411,0.3313545,0.314726,0.2691912,-0.3714245,0.2691912,-0.6346252,-0.1021949,-0.3714245,-0.1021949,-0.5758304
89,3,-1,1.186478,-4.695737,0.254592,0.2733306,3.211702e-16,2.286777e-16,2.250838e-16,-1.3932e-17,-0.9319339,0.2329835,1.316492,-8.512201,0.01776697,0.8715812351517556,0.8672405008634719,-0.7307277,-0.7179715,0.5167653,0.7892543,0.6139384,0.0125443,-0.06342126,0.06117878,0.9961099,0.6107826,-0.7869796,0.08722236,-0.7307277,-0.7179715,0.5167653,0.7892543,0.6139384,0.0125443,-0.06342126,0.06117878,0.9961099,0.6107826,-0.7869796,0.08722236,-0.2652923,-0.5996863,0.06565296,-0.5996863,0.04193839,-0.08485331,0.06565296,-0.08485331,-0.70858
90,3,1,1.411071,-1.251993,0.050456,0.01326333,1.272091e-11,9.37722e-12,-8.587084e-12,3.889147e-13,0.07390366,-0.01847592,0.003713869,0.6929496,-1.285002,1.176296561272982,1.0804320861549142,-0.008927496,0.03132429,0.05150687,0.007197289,0.06066081,0.9981325,-0.7049492,0.7082413,-0.03795966,-0.7092213,-0.7033595,0.04786021,-0.008927496,0.03132429,0.05150687,0.007197289,0.06066081,0.9981325,-0.7049492,0.7082413,-0.03795966,-0.7092213,-0.7033595,0.04786021,0.04147394,0.01005026,-0.0009742298,0.01005026,0.04116079,-0.003116551,-0.0009742298,-0.003116551,-0.008731065
91,3,-1,0.981052,-3.478481,0.174881,0.2785968,1.987675e-11,1.663099e-11,-1.08731e-11,-5.205451e-13,-0.6649907,0.1662477,0.7289142,-12.31472,0.1461672,0.8731150177519073,0.8393575261693079,-0.5685276,-0.496025,0.3995619,-0.9558765,0.2885077,-0.05534771,-0.0439345,0.04589112,0.9979798,0.2904648,0.9563772,-0.03119081,-0.5685276,-0.496025,0.3995619,-0.9558765,0.2885077,-0.05534771,-0.0439345,0.04589112,0.9979798,0.2904648,0.9563772,-0.03119081,-0.4867101,0.2687832,-0.01194966,0.2687832,0.3170953,-0.02555778,-0.01194966,-0.02555778,-0.4953758
92,3,-1,1.034001,3.581532,-0.326176,0.2792231,1.470001e-12,1.77224e-13,1.180203e-12,-8.582632e-13,-0.6670985,0.1667746,0.7306649,-12.32184,0.150002,0.8741156306759947,0.8395378010832412,-0.5703578,-0.4959624,0.3992218,0.9565315,0.2622918,-0.1274778,0.1152222,0.06165263,0.9914246,-0.2679019,0.9630171,-0.02875085,-0.5703578,-0.4959624,0.3992218,0.9565315,0.2622918,-0.1274778,0.1152222,0.06165263,0.9914246,-0.2679019,0.9630171,-0.02875085,-0.499782,-0.2496173,0.01596659,-0.2496173,0.329115,-0.02229796,0.01596659,-0.02229796,-0.4964314
93,3,-1,1.265782,4.792807,-0.411202,0.2725068,8.661301e-13,4.783101e-13,7.179316e-13,7.729804e-14,-0.9244161,0.231104,1.298607,-8.538364,0.01877916,0.8712944632751499,0.8667080742580732,-0.7258576,-0.7124778,0.5139192,-0.7734188,0.632648,0.03974722,0.09052908,0.04817723,0.9947278,0.6273977,0.7729395,-0.09453422,-0.7258576,-0.7124778,0.5139192,-0.7734188,0.632648,0.03974722,0.09052908,0.04817723,0.9947278,0.6273977,0.7729395,-0.09453422,-0.2377372,0.6012763,-0.07232697,0.6012763,0.01486009,-0.08994833,-0.07232697,-0.08994833,-0.701539
94,3,-1,1.889748,2.649225,-0.350253,0.3069937,3.923116e-13,-2.762849e-13,-1.428348e-13,2.391093e-13,-0.81627,0.2040675,0.8844662,-11.79402,0.1973168,0.9146579693829394,0.8706849257920206,-0.6570107,-0.5487359,0.3894766,-0.2960898,-0.9465691,0.1278194,0.1044246,0.1009384,0.9893973,-0.9494347,0.306298,0.06895827,-0.6570107,-0.5487359,0.3894766,-0.2960898,-0.9465691,0.1278194,0.1044246,0.1009384,0.9893973,-0.9494347,0.306298,0.06895827,0.2875012,-0.3031877,-0.05732829,-0.3031877,-0.5577277,0.03291688,-0.05732829,0.03291688,-0.5460435
95,3,-1,2.606683,-0.601383,0.003211,0.3101453,1.328823e-12,9.278593e-13,-9.420179e-13,1.320997e-13,-0.8051672,0.2012918,0.9972367,-12.16193,0.1515191,0.884405068842874,0.8496107565479654,-0.6725494,-0.5840541,0.4514363,0.7875001,0.6021658,-0.1313009,0.06816598,0.1266349,0.9896045,0.6125332,-0.7882639,0.05867776,-0.6725494,-0.5840541,0.4514363,0.7875001,0.6021658,-0.1313009,0.06816598,0.1266349,0.9896045,0.6125332,-0.7882639,0.05867776,-0.2504222,-0.5419389,0.04636804,-0.5419389,0.02726943,-0.04089824,0.04636804,-0.04089824,-0.5820145
96,3,-1,2.611133,0.684343,-0.168978,0.3098596,1.824976e-12,-1.402001e-12,1.15327e-12,-1.868171e-13,-0.8030287,0.2007572,0.9950654,-12.1756,0.1511686,0.883865509187938,0.8491405079521993,-0.6714443,-0.583272,0.4516876,0.7818751,-0.6230457,0.02203264,0.07876472,0.1337778,0.9878763,-0.6184396,-0.7706605,0.1536716,-0.6714443,-0.583272,0.4516876,0.7818751,-0.6230457,0.02203264,0.07876472,0.1337778,0.9878763,-0.6184396,-0.7706605,0.1536716,-0.2413359,0.5362215,-0.09987794,0.5362215,-0.002818595,-0.1213584,-0.09987794,-0.1213584,-0.5588742
97,3,-1,3.00673,-2.858957,0.19553,0.273416,1.163987e-10,-6.040412e-11,-9.933037e-11,5.784981e-12,-0.9227684,0.2306921,1.311435,-8.601224,0.02075026,0.8693736810255667,0.8643072090266125,-0.7288192,-0.7140035,0.5200543,-0.7107418,-0.7019264,0.04631828,-0.01155536,0.07748506,0.9969265,-0.703358,0.7080222,-0.06318289,-0.7288192,-0.7140035,0.5200543,-0.7107418,-0.7019264,0.04631828,-0.01155536,0.07748506,0.9969265,-0.703358,0.7080222,-0.06318289,-0.1109839,-0.6219437,0.0553295,-0.6219437,-0.1026757,-0.05472374,0.0553295,-0.05472374,-0.7091088
98,3,-1,2.737609,1.788064,-0.326045,0.308042,3.861876e-13,3.416203e-13,-1.763269e-13,3.667745e-14,-0.8215096,0.2053774,0.8911851,-11.78557,0.1992101,0.9158302805597965,0.8714909066058035,-0.6604037,-0.5506989,0.3895931,0.9538047,0.2775876,-0.1148988,0.08022831,0.1332151,0.9878346,0.2895169,-0.9514194,0.1047908,-0.6604037,-0.5506989,0.3895931,0.9538047,0.2775876,-0.1148988,0.08022831,0.1332151,0.9878346,0.2895169,-0.9514194,0.1047908,-0.5716868,-0.2880512,0.04054989,-0.2880512,0.291999,-0.09024812,0.04054989,-0.09024812,-0.5418218
99,3,-1,4.345911,0.022107,-0.179732,0.3197683,6.98563e-16,-3.183048e-16,-5.871344e-16,2.048058e-16,-0.8393473,0.2098368,0.9010128,-12.27619,0.2519246,0.9272719836101021,0.8725990286004747,-0.6789652,-0.5423371,0.3819549,-0.9994167,0.008479797,0.03308016,0.03395103,0.1423813,0.9892294,0.003678468,0.9897756,-0.1425862,-0.6789652,-0.5423371,0.3819549,-0.9994167,0.008479797,0.03308016,0.03395103,0.1423813,0.9892294,0.003678468,0.9897756,-0.1425862,-0.6787933,0.004523119,0.004032252,0.004523119,0.363141,-0.1304821,0.004032252,-0.1304821,-0.523695
100,3,-1,4.865334,-1.085528,-0.03237,0.2732202,1.048513e-11,8.973776e-12,-5.390402e-12,-5.940662e-13,-0.9306793,0.2326698,1.31363,-8.517938,0.01755959,0.8714719772492218,0.8671813554832861,-0.729809,-0.717215,0.5163446,0.621781,0.7705692,-0.1400406,0.02764697,0.1571009,0.9871955,0.782703,-0.6176911,0.07637844,-0.729809,-0.717215,0.5163446,0.621781,0.7705692,-0.1400406,0.02764697,0.1571009,0.9871955,0.782703,-0.6176911,0.07637844,0.03362425,-0.6024216,0.07484083,-0.6024216,-0.2540378,-0.0568382,0.07484083,-0.0568382,-0.7102658
101,3,-1,4.872463,1.122917,-0.346461,0.2724289,7.182078e-16,-5.100358e-16,-3.487777e-16,-3.661147e-16,-0.9237597,0.2309399,1.297541,-8.540361,0.01866019,0.8711828633213763,0.8666251466766056,-0.7254595,-0.7121703,0.5138701,0.6150595,-0.7864699,0.05627487,0.0401325,0.1025046,0.9939226,-0.7874587,-0.6090631,0.0946094,-0.7254595,-0.7121703,0.5138701,0.6150595,-0.7864699,0.05627487,0.0401325,0.1025046,0.9939226,-0.7874587,-0.6090631,0.0946094,0.04305926,0.5944521,-0.0918012,0.5944521,-0.2655808,-0.07006008,-0.0918012,-0.07006008,-0.7012382
102,3,1,3.335762,0.03345,-0.124424,0.05280097,6.331519e-12,5.849998e-12,2.341391e-12,-6.193143e-13,0.3279444,-0.0819861,0.07420581,1.561527,-1.278016,1.1031202747939477,1.0855701024453466,-0.05031833,0.1809911,0.1972717,0.05817625,0.1343799,0.9892207,-0.9983062,0.008240744,0.05759112,-0.0004128257,-0.9908956,0.1346317,-0.05031833,0.1809911,0.1972717,0.05817625,0.1343799,0.9892207,-0.9983062,0.008240744,0.05759112,-0.0004128257,-0.9908956,0.1346317,0.1802082,-0.001801652,-0.01331257,-0.001801652,0.1927996,-0.03292021,-0.01331257,-0.03292021,-0.04506339
103,3,-1,-2.525305,-1.664731,0.069948,0.3063447,5.257747e-13,-3.513874e-13,3.910928e-13,-3.522546e-15,-0.8125211,0.2031303,0.8797061,-11.80672,0.1973679,0.9139548332266866,0.8699576932611096,-0.6549223,-0.5469683,0.3893695,-0.9567464,-0.2904556,0.01649077,0.01835851,-0.003706462,0.9998246,-0.2903435,0.9568813,0.008878477,-0.6549223,-0.5469683,0.3893695,-0.9567464,-0.2904556,0.01649077,0.01835851,-0.003706462,0.9998246,-0.2903435,0.9568813,0.008878477,-0.5668528,-0.290137,-0.0007104574,-0.290137,0.3012555,0.008471879,-0.0007104574,0.008471879,-0.5469239
104,3,-1,-2.401503,-0.550971,0.077057,0.3107377,1.059519e-13,5.961925e-14,8.758612e-14,1.662082e-16,-0.8107905,0.2026976,0.9987616,-12.11605,0.1517585,0.8864276213429675,0.8516053736733807,-0.6742405,-0.5854009,0.4488509,-0.7842658,0.6197712,0.0284749,-0.02229905,0.0177081,-0.9995945,0.6200241,0.7845828,6.754359e-05,-0.6742405,-0.5854009,0.4488509,-0.7842658,0.6197712,0.0284749,-0.02229905,0.0177081,-0.9995945,0.6200241,0.7845828,6.754359e-05,-0.2424464,0.5463042,0.002027269,0.5463042,0.01712888,-0.001513025,0.002027269,-0.001513025,-0.5854729
105,3,-1,-1.621685,2.710672,0.04859,0.307239,8.88019e-13,-3.545366e-13,3.870246e-13,-7.163055e-13,-0.8163282,0.2040821,0.8834184,-11.80889,0.1993481,0.9151151476741916,0.8707333564287845,-0.6572132,-0.5479753,0.3888603,-0.2805952,0.9598247,0.001673983,0.09389442,0.02571333,0.9952501,0.9552226,0.2794196,-0.09733723,-0.6572132,-0.5479753,0.3888603,-0.2805952,0.9598247,0.001673983,0.09389442,0.02571333,0.9952501,0.9552226,0.2794196,-0.09733723,0.2982398,0.279469,-0.08705446,0.279469,-0.5754685,-0.0256555,-0.08705446,-0.0256555,-0.5390995
106,3,-1,-1.204303,-1.052052,5.010072,0.2415734,6.29561e-14,6.133202e-14,1.045084e-14,-9.62468e-15,-0.5099354,0.1274838,0.5544987,-12.66232,0.02658376,0.8249395512596889,0.818397708265422,-0.4550813,-0.4432968,0.3884426,-0.1055178,-0.6515358,-0.7512437,-0.4207399,0.7137608,-0.5599317,-0.9010238,-0.2569954,0.3494416,-0.4550813,-0.4432968,0.3884426,-0.1055178,-0.6515358,-0.7512437,-0.4207399,0.7137608,-0.5599317,-0.9010238,-0.2569954,0.3494416,0.2318146,0.1917866,-0.2628116,0.1917866,-0.3933657,-0.08046233,-0.2628116,-0.08046233,-0.3483843
107,3,-1,-1.479256,1.330752,-2.789718,0.266759,5.401435e-14,2.626209e-14,-3.260852e-14,3.412532e-14,-0.8674461,0.2168615,1.246461,-8.78151,0.00717107,0.8564510192117608,0.8546822232556224,-0.698992,-0.6940152,0.5255611,-0.0456873,0.8593056,-0.5094179,-0.4090966,-0.4813218,-0.7752221,-0.9113466,0.1729833,0.3735293,-0.698992,-0.6940152,0.5255611,-0.0456873,0.8593056,-0.5094179,-0.4090966,-0.4813218,-0.7752221,-0.9113466,0.1729833,0.3735293,0.3188967,-0.1920681,-0.4152774,-0.1920681,-0.6611964,0.08098069,-0.4152774,0.08098069,-0.5251464
108,3,-1,-1.043528,-4.678532,0.168268,0.2732724,1.144676e-15,7.465748e-16,8.627573e-16,9.250955e-17,-0.9308137,0.2327034,1.313138,-8.51942,0.01833491,0.87167362549691,0.867195432359663,-0.7300111,-0.7168674,0.5160649,0.7799432,-0.6250264,0.03210376,0.001279525,0.05288859,0.9985996,-0.625849,-0.7788099,0.04204983,-0.7300111,-0.7168674,0.5160649,0.7799432,-0.6250264,0.03210376,0.001279525,0.05288859,0.9985996,-0.625849,-0.7788099,0.04204983,-0.2419393,0.60736,-0.032776,0.60736,0.02582659,-0.04011335,-0.032776,-0.04011335,-0.7147009
109,3,-1,-0.943709,4.838273,-0.105022,0.2732904,1.007502e-12,-8.336623e-13,5.288842e-13,2.00873e-13,-0.9312038,0.232801,1.314479,-8.516787,0.0176882,0.8715657205778704,0.867244042872822,-0.7301373,-0.7174469,0.5163803,-0.7844399,-0.6019002,0.1495667,0.1629214,0.03270505,0.9860968,-0.5984234,0.7979014,0.07240728,-0.7301373,-0.7174469,0.5163803,-0.7844399,-0.6019002,0.1495667,0.1629214,0.03270505,0.9860968,-0.5984234,0.7979014,0.07240728,-0.2834092,-0.5951232,-0.05197309,-0.5951232,0.06346747,0.07242541,-0.05197309,0.07242541,-0.7112621
110,3,-1,-0.558087,-2.426101,0.079053,0.3101272,2.650074e-16,-2.394054e-16,-1.134889e-16,-5.854692e-18,-0.8075721,0.201893,0.9963306,-12.12453,0.1497871,0.8853250238987727,0.8509144676585425,-0.672411,-0.5848135,0.4496523,0.6052582,-0.7953544,0.03277216,0.02380655,-0.02306524,-0.9994505,-0.7956732,-0.6057057,-0.004974214,-0.672411,-0.5848135,0.4496523,0.6052582,-0.7953544,0.03277216,0.02380655,-0.02306524,-0.9994505,-0.7956732,-0.6057057,-0.004974214,0.03801224,0.5407234,0.002356708,0.5407234,-0.2607024,0.005400024,0.002356708,0.005400024,-0.584882
111,3,-1,-0.462133,0.504611,-2.684659,0.1646951,3.644897e-15,2.902463e-15,-2.090884e-15,6.994188e-16,-0.1915026,0.04787565,0.1605214,-17.80627,0.06460919,0.7617913964850449,0.7461708997675784,-0.2279131,-0.2140814,0.2504919,-0.1566814,0.3811081,0.9111572,0.891051,0.4524709,-0.03603025,-0.4260036,0.8062423,-0.4104806,-0.2279131,-0.2140814,0.2504919,-0.1566814,0.3811081,0.9111572,0.891051,0.4524709,-0.03603025,-0.4260036,0.8062423,-0.4104806,-0.1301107,-0.1587374,0.08321279,-0.1587374,0.08589466,-0.1585521,0.08321279,-0.1585521,-0.1472866
112,3,-1,0.431062,-0.500738,6.315067,0.2525996,1.755229e-16,5.074066e-17,-1.084202e-16,-1.283695e-16,-0.7866057,0.1966514,1.074236,-8.84254,0.01029833,0.8499616131445503,0.8474207107034522,-0.6458365,-0.6392533,0.4984842,-0.6431603,-0.679931,-0.3521913,-0.7512509,0.4712692,0.4620903,0.1482126,-0.5617822,0.8139004,-0.6458365,-0.6392533,0.4984842,-0.6431603,-0.679931,-0.3521913,-0.7512509,0.4712692,0.4620903,0.1482126,-0.5617822,0.8139004,-0.6169838,-0.09761054,0.1357544,-0.09761054,-0.2832277,-0.5217895,0.1357544,-0.5217895,0.1136059
113,3,-1,0.776801,2.54545,-0.221149,0.3083191,1.175765e-14,-6.909116e-15,-6.14561e-15,-7.262095e-15,-0.7946172,0.1986543,0.9825411,-12.2027,0.151453,0.8825606189038421,0.8477595017219082,-0.666531,-0.5788608,0.4507746,-0.6050188,0.796144,0.01034209,0.122203,0.08001558,0.9892745,0.7867774,0.5997935,-0.1457021,-0.666531,-0.5788608,0.4507746,-0.6050188,0.796144,0.01034209,0.122203,0.08001558,0.9892745,0.7867774,0.5997935,-0.1457021,0.02641125,0.5281182,-0.1174838,0.5281182,-0.2640165,-0.09070289,-0.1174838,-0.09070289,-0.5570119
114,3,-1,0.745458,-2.43753,0.123805,0.3111716,3.223046e-16,-3.1141e-16,-8.218252e-17,-1.225148e-17,-0.8110466,0.2027617,0.9981844,-12.14043,0.155895,0.8870642903497759,0.8513612562679087,-0.6752275,-0.5841599,0.4483408,-0.6204772,-0.7842204,-0.00252516,-0.04229257,0.03024639,0.9986473,-0.7830832,0.6197447,-0.05193389,-0.6752275,-0.5841599,0.4483408,-0.6204772,-0.7842204,-0.00252516,-0.04229257,0.03024639,0.9986473,-0.7830832,0.6197447,-0.05193389,0.01392921,-0.5453973,0.04184763,-0.5453973,-0.2436001,-0.03341215,0.04184763,-0.03341215,-0.5813757
115,3,-1,3.033151,2.92411,-0.489293,0.2723792,1.273726e-11,-6.685421e-12,1.079473e-11,-1.008399e-12,-0.9134224,0.2283556,1.289647,-8.634386,0.02251908,0.8690108537929895,0.8635162023776178,-0.7230056,-0.7070827,0.5166659,0.7020546,-0.7118025,0.02136623,0.07818581,0.1068678,0.9911944,-0.707818,-0.694202,0.1306799,-0.7230056,-0.7070827,0.5166659,0.7020546,-0.7118025,0.02136623,0.07818581,0.1068678,0.9911944,-0.707818,-0.694202,0.1306799,-0.101825,0.6092688,-0.1134326,0.6092688,-0.1254057,-0.1107742,-0.1134326,-0.1107742,-0.6861917
116,3,-1,2.720634,-1.712871,0.097713,0.3079509,2.147997e-13,1.853245e-14,2.136849e-13,1.158554e-14,-0.8204989,0.2051247,0.8897403,-11.79427,0.1990508,0.9156566225747134,0.8713465339817283,-0.6597575,-0.5502331,0.3894918,0.9533683,-0.3016888,0.008525507,0.0166205,0.08068576,0.996601,-0.3013512,-0.9499861,0.08193747,-0.6597575,-0.5502331,0.3894918,0.9533683,-0.3016888,0.008525507,0.0166205,0.08068576,0.996601,-0.3013512,-0.9499861,0.08193747,-0.5644422,0.3005254,-0.02409386,0.3005254,0.2878754,-0.07286598,-0.02409386,-0.07286598,-0.543932
117,3,-1,3.654575,0.917925,-0.269162,0.2780656,1.906248e-13,-1.703554e-13,8.3938e-14,1.647003e-14,-0.6625032,0.1656258,0.726371,-12.3217,0.1454924,0.8724433882086758,0.8388257991602535,-0.5670826,-0.4950557,0.3996351,0.2822674,0.9491141,-0.1396691,-0.05694635,-0.1287558,-0.9900399,0.9576441,-0.2874097,-0.01770503,-0.5670826,-0.4950557,0.3996351,0.2822674,0.9491141,-0.1396691,-0.05694635,-0.1287558,-0.9900399,0.9576441,-0.2874097,-0.01770503,0.3197106,-0.2655475,-0.01232999,-0.2655475,-0.4860334,0.01410074,-0.01232999,0.01410074,-0.4961803
118,3,-1,-4.661342,-0.993151,0.166316,0.2733505,8.526836e-11,-4.990533e-11,6.70091e-11,1.702742e-11,-0.9313398,0.232835,1.314214,-8.518664,0.01827843,0.871717432394771,0.8672529839173452,-0.7303205,-0.717211,0.5161918,-0.6115841,0.7906944,0.02769784,0.05186107,0.005131192,0.9986411,0.7894778,0.6121895,-0.04414441,-0.7303205,-0.717211,0.5161918,-0.6115841,0.7906944,0.02769784,0.05186107,0.005131192,0.9986411,0.7894778,0.6121895,-0.04414441,0.04663502,0.6024554,-0.0427633,0.6024554,-0.2631573,-0.0336195,-0.0427633,-0.0336195,-0.7148175
119,3,-1,-4.638231,1.237535,0.23936,0.2733995,1.12638e-11,1.063372e-11,3.704064e-12,-2.775095e-13,-0.9322801,0.23307,1.316731,-8.512613,0.01824716,0.8717306786413582,0.8672738546068831,-0.7310187,-0.7179188,0.5166575,-0.6282344,-0.7780219,-0.00186401,0.06349976,-0.0536621,0.9965381,-0.7754285,0.6259411,0.08311658,-0.7310187,-0.7179188,0.5166575,-0.6282344,-0.7780219,-0.00186401,0.06349976,-0.0536621,0.9965381,-0.7754285,0.6259411,0.08311658,0.01924844,-0.6056325,-0.07958497,-0.6056325,-0.2421386,0.06421117,-0.07958497,0.06421117,-0.7093899
120,3,-1,-2.225565,-0.695588,5.529488,0.2673262,5.146082e-16,-2.899157e-16,1.693524e-16,-3.899875e-16,-0.8772858,0.2193214,1.24979,-8.713806,0.0158999,0.8605195884216867,0.8566180277182392,-0.7047991,-0.6937682,0.5212815,0.8137977,0.5778765,-0.06157958,0.2653842,-0.2752642,0.9240134,0.517015,-0.7683023,-0.3773687,-0.7047991,-0.6937682,0.5212815,0.8137977,0.5778765,-0.06157958,0.2653842,-0.2752642,0.9240134,0.517015,-0.7683023,-0.3773687,-0.3762853,-0.4878342,-0.2365098,-0.4878342,0.01977783,0.3526758,-0.2365098,0.3526758,-0.5207783
121,3,-1,-0.909119,1.094933,-3.735304,0.2601014,1.096928e-16,2.493665e-17,-5.383064e-17,9.22656e-17,-0.8162744,0.2040686,1.119212,-8.947085,0.008576337,0.8545548942377003,0.8524397096763767,-0.6615771,-0.6559514,0.5012542,-0.2419364,0.9614578,-0.1306356,0.9645014,0.2236156,-0.1404744,0.1058481,0.1599841,0.9814282,-0.6615771,-0.6559514,0.5012542,-0.2419364,0.9614578,-0.1306356,0.9645014,0.2236156,-0.1404744,0.1058481,0.1599841,0.9814282,-0.6433156,0.02090472,0.1200353,0.02090472,-0.6315332,0.1824028,0.1200353,0.1824028,0.4585745
122,3,-1,-0.261862,-0.140369,2.875184,0.08544291,1.464664e-13,1.260255e-14,-1.094079e-14,1.455125e-13,0.03827058,-0.009567644,0.2086811,29.84523,0.002494764,0.5913343801325057,0.5907580016590103,-0.1737354,-0.1733031,0.3853091,0.5561464,0.7481992,0.3617997,0.7695033,-0.628035,0.1159171,-0.3139519,-0.2139392,0.9250212,-0.1737354,-0.1733031,0.3853091,0.5561464,0.7481992,0.3617997,0.7695033,-0.628035,0.1159171,-0.3139519,-0.2139392,0.9250212,-0.1183768,0.03734019,-0.1623148,0.03734019,-0.1479775,-0.1106654,-0.1623148,-0.1106654,0.3046248
123,3,-1,1.858751,-2.561323,0.153013,0.3058072,1.048454e-11,-1.025309e-11,-2.065078e-12,-7.316049e-13,-0.810674,0.2026685,0.8779401,-11.79904,0.1936494,0.9130994127706549,0.869852531987452,-0.6531728,-0.5472066,0.3897054,-0.2888335,0.9554481,-0.06077959,0.01915226,-0.05770625,-0.9981499,0.9571877,0.2894632,0.001631489,-0.6531728,-0.5472066,0.3897054,-0.2888335,0.9554481,-0.06077959,0.01915226,-0.05770625,-0.9981499,0.9571877,0.2894632,0.001631489,0.3023598,0.2888338,-0.000397136,0.2888338,-0.5654383,0.006596105,-0.000397136,0.006596105,-0.5475956
124,3,-1,3.647591,-0.859187,-0.021777,0.2780113,9.004473e-14,7.918149e-14,-4.286764e-14,-8.425471e-16,-0.6624772,0.1656193,0.7268887,-12.31817,0.1442793,0.8721952034877085,0.8388386920302199,-0.566956,-0.49547,0.3999488,-0.2752102,0.9551783,-0.1090583,0.05097431,0.1277773,0.9904921,0.9600317,0.2670344,-0.08385517,-0.566956,-0.49547,0.3999488,-0.2752102,0.9551783,-0.1090583,0.05097431,0.1277773,0.9904921,0.9600317,0.2670344,-0.08385517,0.3243881,0.2483428,-0.07423004,0.2483428,-0.4968415,-0.01260369,-0.07423004,-0.01260369,-0.4900239
125,3,-1,0.06745,0.063898,1.059142,0.1411481,5.306208e-15,9.640726e-16,-4.861129e-15,1.89627e-15,0.6273778,-0.1568445,1.205456,4.202835,0.04317063,0.4270318906133342,0.41912083515558474,-0.2185218,-0.2094785,1.055378,0.8151713,0.5791231,0.01059084,-0.5789409,0.8152098,-0.01613718,-0.01797917,0.007023098,0.9998137,-0.2185218,-0.2094785,1.055378,0.8151713,0.5791231,0.01059084,-0.5789409,0.8152098,-0.01613718,-0.01797917,0.007023098,0.9998137,-0.215079,-0.004428924,-0.02281491,-0.004428924,-0.2124491,0.008826091,-0.02281491,0.008826091,1.054906
126,3,-1,0.005883,0.482289,5.984588,0.2671005,1.559974e-16,-5.973954e-17,-6.375109e-17,1.292369e-16,-0.8766923,0.2191731,1.248247,-8.707438,0.01548679,0.8604514497669906,0.8566504635180872,-0.7042111,-0.6934714,0.5209902,0.8460707,0.2774427,0.4551812,-0.2736382,-0.5067588,0.817507,0.4574785,-0.8162236,-0.3528348,-0.7042111,-0.6934714,0.5209902,0.8460707,0.2774427,0.4551812,-0.2736382,-0.5067588,0.817507,0.4574785,-0.8162236,-0.3528348,-0.4469888,-0.4560067,-0.2001675,-0.4560067,0.1148018,0.3483991,-0.2001675,0.3483991,-0.5445053
127,3,-1,-1.771949,-1.675987,5.822304,0.2533422,2.089942e-16,2.818926e-18,1.530893e-16,-1.422473e-16,-0.7890209,0.1972552,1.081094,-8.858709,0.009660259,0.8498501048712611,0.8474658486298856,-0.6476716,-0.6414748,0.5001255,-0.9845486,-0.1749468,0.007598557,-0.1321552,0.7707987,0.623221,0.1148875,-0.6125872,0.7820088,-0.6476716,-0.6414748,0.5001255,-0.9845486,-0.1749468,0.007598557,-0.1321552,0.7707987,0.623221,0.1148875,-0.6125872,0.7820088,-0.6324135,-0.08141159,0.1026112,-0.08141159,-0.2132641,-0.5468738,0.1026112,-0.5468738,0.05665663
